/*
 Navicat Premium Data Transfer

 Source Server         : localhost mysql
 Source Server Type    : MySQL
 Source Server Version : 80030 (8.0.30)
 Source Host           : localhost:3306
 Source Schema         : laravel

 Target Server Type    : MySQL
 Target Server Version : 80030 (8.0.30)
 File Encoding         : 65001

 Date: 25/08/2024 18:34:51
*/

SET NAMES utf8mb4;
SET FOREIGN_KEY_CHECKS = 0;

-- ----------------------------
-- Table structure for agama
-- ----------------------------
DROP TABLE IF EXISTS `agama`;
CREATE TABLE `agama`  (
  `id` bigint UNSIGNED NOT NULL AUTO_INCREMENT,
  `nama` varchar(255) CHARACTER SET utf8mb4 COLLATE utf8mb4_unicode_ci NOT NULL,
  `created_at` timestamp NULL DEFAULT NULL,
  `updated_at` timestamp NULL DEFAULT NULL,
  PRIMARY KEY (`id`) USING BTREE
) ENGINE = InnoDB AUTO_INCREMENT = 8 CHARACTER SET = utf8mb4 COLLATE = utf8mb4_unicode_ci ROW_FORMAT = Dynamic;

-- ----------------------------
-- Records of agama
-- ----------------------------
INSERT INTO `agama` VALUES (1, 'Islam', '2024-08-24 14:39:57', NULL);
INSERT INTO `agama` VALUES (2, 'Kristen', '2024-08-24 14:39:57', NULL);
INSERT INTO `agama` VALUES (3, 'Kristen Protestan', '2024-08-24 14:39:57', NULL);
INSERT INTO `agama` VALUES (4, 'Kristen Katolik', '2024-08-24 14:39:57', NULL);
INSERT INTO `agama` VALUES (5, 'Hindu', '2024-08-24 14:39:57', NULL);
INSERT INTO `agama` VALUES (6, 'Buddha', '2024-08-24 14:39:57', NULL);
INSERT INTO `agama` VALUES (7, 'Konghucu', '2024-08-24 14:39:57', NULL);

-- ----------------------------
-- Table structure for formulir
-- ----------------------------
DROP TABLE IF EXISTS `formulir`;
CREATE TABLE `formulir`  (
  `id` bigint UNSIGNED NOT NULL AUTO_INCREMENT,
  `id_users` bigint UNSIGNED NOT NULL,
  `nama` varchar(255) CHARACTER SET utf8mb4 COLLATE utf8mb4_unicode_ci NOT NULL,
  `alamat_ktp` varchar(255) CHARACTER SET utf8mb4 COLLATE utf8mb4_unicode_ci NOT NULL,
  `alamat_sekarang` varchar(255) CHARACTER SET utf8mb4 COLLATE utf8mb4_unicode_ci NOT NULL,
  `provinsi` varchar(255) CHARACTER SET utf8mb4 COLLATE utf8mb4_unicode_ci NOT NULL,
  `kabupaten` varchar(255) CHARACTER SET utf8mb4 COLLATE utf8mb4_unicode_ci NOT NULL,
  `kecamatan` varchar(255) CHARACTER SET utf8mb4 COLLATE utf8mb4_unicode_ci NOT NULL,
  `no_hp` int NOT NULL,
  `email` varchar(255) CHARACTER SET utf8mb4 COLLATE utf8mb4_unicode_ci NOT NULL,
  `kewarganegaraan` varchar(255) CHARACTER SET utf8mb4 COLLATE utf8mb4_unicode_ci NOT NULL,
  `tanggal_lahir` date NOT NULL,
  `provinsi_lahir` varchar(255) CHARACTER SET utf8mb4 COLLATE utf8mb4_unicode_ci NOT NULL,
  `kota_lahir` varchar(255) CHARACTER SET utf8mb4 COLLATE utf8mb4_unicode_ci NOT NULL,
  `jenis_kelamin` varchar(255) CHARACTER SET utf8mb4 COLLATE utf8mb4_unicode_ci NOT NULL,
  `status_menikah` varchar(255) CHARACTER SET utf8mb4 COLLATE utf8mb4_unicode_ci NOT NULL,
  `agama` varchar(255) CHARACTER SET utf8mb4 COLLATE utf8mb4_unicode_ci NOT NULL,
  `created_at` timestamp NULL DEFAULT CURRENT_TIMESTAMP,
  `updated_at` timestamp NULL DEFAULT NULL,
  `foto` varchar(255) CHARACTER SET utf8mb4 COLLATE utf8mb4_unicode_ci NULL DEFAULT NULL,
  `nilai_rata` int NULL DEFAULT NULL,
  PRIMARY KEY (`id`) USING BTREE,
  INDEX `formulir_id_users_foreign`(`id_users` ASC) USING BTREE,
  CONSTRAINT `formulir_id_users_foreign` FOREIGN KEY (`id_users`) REFERENCES `users` (`id`) ON DELETE CASCADE ON UPDATE RESTRICT
) ENGINE = InnoDB AUTO_INCREMENT = 13 CHARACTER SET = utf8mb4 COLLATE = utf8mb4_unicode_ci ROW_FORMAT = Dynamic;

-- ----------------------------
-- Records of formulir
-- ----------------------------
INSERT INTO `formulir` VALUES (8, 5, 'yen', 'q', 'q', '2', '26', 'bogor', 1, 'admin@gmail.com', 'WNI Asli', '2024-08-16', '2', '153', 'Laki-Laki', 'Belum Menikah', 'Islam', '2024-08-24 18:36:49', '2024-08-25 03:39:26', 'H0oHcorrDh9PNqWRZgqSM5Dan1wJNuQxtqxWLmXv.png', 60);
INSERT INTO `formulir` VALUES (9, 1, 'ab', 'q', 'q', '2', 'MANDAILING NATAL', 'bogor', 1, 'admin@gmail.com', 'WNI Asli', '2024-08-16', '11', 'JAKARTA UTARA', 'Laki-Laki', 'Belum Menikah', 'Islam', '2024-08-24 18:36:49', '2024-08-24 18:36:49', 'PRKrQL0Dj0l6waEi8ChBzUE8pHOprq5T54g5WC65.jpg', 90);
INSERT INTO `formulir` VALUES (10, 2, 'cd', 'q', 'q', '2', 'MANDAILING NATAL', 'bogor', 1, 'admin@gmail.com', 'WNI Asli', '2024-08-16', '11', 'JAKARTA UTARA', 'Laki-Laki', 'Belum Menikah', 'Islam', '2024-08-24 18:36:49', '2024-08-24 18:36:49', 'PRKrQL0Dj0l6waEi8ChBzUE8pHOprq5T54g5WC65.jpg', 100);
INSERT INTO `formulir` VALUES (11, 3, 'yen', 'q', 'q', '2', 'MANDAILING NATAL', 'bogor', 1, 'admin@gmail.com', 'WNI Asli', '2024-08-16', '11', 'JAKARTA UTARA', 'Laki-Laki', 'Belum Menikah', 'Islam', '2024-08-24 18:36:49', '2024-08-24 18:36:49', 'PRKrQL0Dj0l6waEi8ChBzUE8pHOprq5T54g5WC65.jpg', 80);
INSERT INTO `formulir` VALUES (12, 4, 'yen', 'q', 'q', '2', 'MANDAILING NATAL', 'bogor', 12345, 'admin@gmail.com', 'WNI Asli', '2024-08-16', '11', 'JAKARTA UTARA', 'Laki-Laki', 'Belum Menikah', 'Islam', '2024-08-24 18:36:49', '2024-08-24 18:36:49', 'PRKrQL0Dj0l6waEi8ChBzUE8pHOprq5T54g5WC65.jpg', 80);

-- ----------------------------
-- Table structure for kota
-- ----------------------------
DROP TABLE IF EXISTS `kota`;
CREATE TABLE `kota`  (
  `id` bigint UNSIGNED NOT NULL AUTO_INCREMENT,
  `id_provinsi` bigint UNSIGNED NOT NULL,
  `nama` varchar(255) CHARACTER SET utf8mb4 COLLATE utf8mb4_unicode_ci NOT NULL,
  `created_at` timestamp NULL DEFAULT NULL,
  `updated_at` timestamp NULL DEFAULT NULL,
  PRIMARY KEY (`id`) USING BTREE,
  INDEX `kota_id_provinsi_foreign`(`id_provinsi` ASC) USING BTREE,
  CONSTRAINT `kota_id_provinsi_foreign` FOREIGN KEY (`id_provinsi`) REFERENCES `provinsi` (`id`) ON DELETE RESTRICT ON UPDATE RESTRICT
) ENGINE = InnoDB AUTO_INCREMENT = 476 CHARACTER SET = utf8mb4 COLLATE = utf8mb4_unicode_ci ROW_FORMAT = Dynamic;

-- ----------------------------
-- Records of kota
-- ----------------------------
INSERT INTO `kota` VALUES (1, 1, 'PIDIE JAYA', '2024-08-24 14:07:28', NULL);
INSERT INTO `kota` VALUES (2, 1, 'SIMEULUE', '2024-08-24 14:07:28', NULL);
INSERT INTO `kota` VALUES (3, 1, 'BIREUEN', '2024-08-24 14:07:28', NULL);
INSERT INTO `kota` VALUES (4, 1, 'ACEH TIMUR', '2024-08-24 14:07:28', NULL);
INSERT INTO `kota` VALUES (5, 1, 'ACEH UTARA', '2024-08-24 14:07:28', NULL);
INSERT INTO `kota` VALUES (6, 1, 'PIDIE', '2024-08-24 14:07:28', NULL);
INSERT INTO `kota` VALUES (7, 1, 'ACEH BARAT DAYA', '2024-08-24 14:07:28', NULL);
INSERT INTO `kota` VALUES (8, 1, 'GAYO LUES', '2024-08-24 14:07:28', NULL);
INSERT INTO `kota` VALUES (9, 1, 'ACEH SELATAN', '2024-08-24 14:07:28', NULL);
INSERT INTO `kota` VALUES (10, 1, 'ACEH TAMIANG', '2024-08-24 14:07:28', NULL);
INSERT INTO `kota` VALUES (11, 1, 'ACEH BESAR', '2024-08-24 14:07:28', NULL);
INSERT INTO `kota` VALUES (12, 1, 'ACEH TENGGARA', '2024-08-24 14:07:28', NULL);
INSERT INTO `kota` VALUES (13, 1, 'BENER MERIAH', '2024-08-24 14:07:28', NULL);
INSERT INTO `kota` VALUES (14, 1, 'ACEH JAYA', '2024-08-24 14:07:28', NULL);
INSERT INTO `kota` VALUES (15, 1, 'LHOKSEUMAWE', '2024-08-24 14:07:28', NULL);
INSERT INTO `kota` VALUES (16, 1, 'ACEH BARAT', '2024-08-24 14:07:28', NULL);
INSERT INTO `kota` VALUES (17, 1, 'NAGAN RAYA', '2024-08-24 14:07:28', NULL);
INSERT INTO `kota` VALUES (18, 1, 'LANGSA', '2024-08-24 14:07:28', NULL);
INSERT INTO `kota` VALUES (19, 1, 'BANDA ACEH', '2024-08-24 14:07:28', NULL);
INSERT INTO `kota` VALUES (20, 1, 'ACEH SINGKIL', '2024-08-24 14:07:28', NULL);
INSERT INTO `kota` VALUES (21, 1, 'SABANG', '2024-08-24 14:07:28', NULL);
INSERT INTO `kota` VALUES (22, 1, 'ACEH TENGAH', '2024-08-24 14:07:28', NULL);
INSERT INTO `kota` VALUES (23, 1, 'SUBULUSSALAM', '2024-08-24 14:07:28', NULL);
INSERT INTO `kota` VALUES (24, 2, 'NIAS SELATAN', '2024-08-24 14:07:28', NULL);
INSERT INTO `kota` VALUES (25, 2, 'MANDAILING NATAL', '2024-08-24 14:07:28', NULL);
INSERT INTO `kota` VALUES (26, 2, 'DAIRI', '2024-08-24 14:07:28', NULL);
INSERT INTO `kota` VALUES (27, 2, 'LABUHAN BATU UTARA', '2024-08-24 14:07:28', NULL);
INSERT INTO `kota` VALUES (28, 2, 'TAPANULI UTARA', '2024-08-24 14:07:28', NULL);
INSERT INTO `kota` VALUES (29, 2, 'SIMALUNGUN', '2024-08-24 14:07:28', NULL);
INSERT INTO `kota` VALUES (30, 2, 'LANGKAT', '2024-08-24 14:07:28', NULL);
INSERT INTO `kota` VALUES (31, 2, 'SERDANG BEDAGAI', '2024-08-24 14:07:28', NULL);
INSERT INTO `kota` VALUES (32, 2, 'TAPANULI SELATAN', '2024-08-24 14:07:28', NULL);
INSERT INTO `kota` VALUES (33, 2, 'ASAHAN', '2024-08-24 14:07:28', NULL);
INSERT INTO `kota` VALUES (34, 2, 'PADANG LAWAS UTARA', '2024-08-24 14:07:28', NULL);
INSERT INTO `kota` VALUES (35, 2, 'PADANG LAWAS', '2024-08-24 14:07:28', NULL);
INSERT INTO `kota` VALUES (36, 2, 'LABUHAN BATU SELATAN', '2024-08-24 14:07:28', NULL);
INSERT INTO `kota` VALUES (37, 2, 'PADANG SIDEMPUAN', '2024-08-24 14:07:28', NULL);
INSERT INTO `kota` VALUES (38, 2, 'TOBA SAMOSIR', '2024-08-24 14:07:28', NULL);
INSERT INTO `kota` VALUES (39, 2, 'TAPANULI TENGAH', '2024-08-24 14:07:28', NULL);
INSERT INTO `kota` VALUES (40, 2, 'HUMBANG HASUNDUTAN', '2024-08-24 14:07:28', NULL);
INSERT INTO `kota` VALUES (41, 2, 'SIBOLGA', '2024-08-24 14:07:28', NULL);
INSERT INTO `kota` VALUES (42, 2, 'BATU BARA', '2024-08-24 14:07:28', NULL);
INSERT INTO `kota` VALUES (43, 2, 'SAMOSIR', '2024-08-24 14:07:28', NULL);
INSERT INTO `kota` VALUES (44, 2, 'PEMATANG SIANTAR', '2024-08-24 14:07:28', NULL);
INSERT INTO `kota` VALUES (45, 2, 'LABUHAN BATU', '2024-08-24 14:07:28', NULL);
INSERT INTO `kota` VALUES (46, 2, 'DELI SERDANG', '2024-08-24 14:07:28', NULL);
INSERT INTO `kota` VALUES (47, 2, 'GUNUNGSITOLI', '2024-08-24 14:07:28', NULL);
INSERT INTO `kota` VALUES (48, 2, 'NIAS UTARA', '2024-08-24 14:07:28', NULL);
INSERT INTO `kota` VALUES (49, 2, 'NIAS', '2024-08-24 14:07:28', NULL);
INSERT INTO `kota` VALUES (50, 2, 'KARO', '2024-08-24 14:07:28', NULL);
INSERT INTO `kota` VALUES (51, 2, 'NIAS BARAT', '2024-08-24 14:07:28', NULL);
INSERT INTO `kota` VALUES (52, 2, 'MEDAN', '2024-08-24 14:07:28', NULL);
INSERT INTO `kota` VALUES (53, 2, 'PAKPAK BHARAT', '2024-08-24 14:07:28', NULL);
INSERT INTO `kota` VALUES (54, 2, 'TEBING TINGGI', '2024-08-24 14:07:28', NULL);
INSERT INTO `kota` VALUES (55, 2, 'BINJAI', '2024-08-24 14:07:28', NULL);
INSERT INTO `kota` VALUES (56, 2, 'TANJUNG BALAI', '2024-08-24 14:07:28', NULL);
INSERT INTO `kota` VALUES (57, 3, 'DHARMASRAYA', '2024-08-24 14:07:28', NULL);
INSERT INTO `kota` VALUES (58, 3, 'SOLOK SELATAN', '2024-08-24 14:07:28', NULL);
INSERT INTO `kota` VALUES (59, 3, 'SIJUNJUNG (SAWAH LUNTO SIJUNJUNG)', '2024-08-24 14:07:28', NULL);
INSERT INTO `kota` VALUES (60, 3, 'PASAMAN BARAT', '2024-08-24 14:07:28', NULL);
INSERT INTO `kota` VALUES (61, 3, 'SOLOK', '2024-08-24 14:07:28', NULL);
INSERT INTO `kota` VALUES (62, 3, 'PASAMAN', '2024-08-24 14:07:28', NULL);
INSERT INTO `kota` VALUES (63, 3, 'PARIAMAN', '2024-08-24 14:07:28', NULL);
INSERT INTO `kota` VALUES (64, 3, 'TANAH DATAR', '2024-08-24 14:07:28', NULL);
INSERT INTO `kota` VALUES (65, 3, 'PADANG PARIAMAN', '2024-08-24 14:07:28', NULL);
INSERT INTO `kota` VALUES (66, 3, 'PESISIR SELATAN', '2024-08-24 14:07:28', NULL);
INSERT INTO `kota` VALUES (67, 3, 'PADANG', '2024-08-24 14:07:28', NULL);
INSERT INTO `kota` VALUES (68, 3, 'SAWAH LUNTO', '2024-08-24 14:07:28', NULL);
INSERT INTO `kota` VALUES (69, 3, 'LIMA PULUH KOTO / KOTA', '2024-08-24 14:07:28', NULL);
INSERT INTO `kota` VALUES (70, 3, 'AGAM', '2024-08-24 14:07:28', NULL);
INSERT INTO `kota` VALUES (71, 3, 'PAYAKUMBUH', '2024-08-24 14:07:28', NULL);
INSERT INTO `kota` VALUES (72, 3, 'BUKITTINGGI', '2024-08-24 14:07:28', NULL);
INSERT INTO `kota` VALUES (73, 3, 'PADANG PANJANG', '2024-08-24 14:07:28', NULL);
INSERT INTO `kota` VALUES (74, 3, 'KEPULAUAN MENTAWAI', '2024-08-24 14:07:28', NULL);
INSERT INTO `kota` VALUES (75, 4, 'INDRAGIRI HILIR', '2024-08-24 14:07:28', NULL);
INSERT INTO `kota` VALUES (76, 4, 'KUANTAN SINGINGI', '2024-08-24 14:07:28', NULL);
INSERT INTO `kota` VALUES (77, 4, 'PELALAWAN', '2024-08-24 14:07:28', NULL);
INSERT INTO `kota` VALUES (78, 4, 'PEKANBARU', '2024-08-24 14:07:28', NULL);
INSERT INTO `kota` VALUES (79, 4, 'ROKAN HILIR', '2024-08-24 14:07:28', NULL);
INSERT INTO `kota` VALUES (80, 4, 'BENGKALIS', '2024-08-24 14:07:28', NULL);
INSERT INTO `kota` VALUES (81, 4, 'INDRAGIRI HULU', '2024-08-24 14:07:28', NULL);
INSERT INTO `kota` VALUES (82, 4, 'ROKAN HULU', '2024-08-24 14:07:28', NULL);
INSERT INTO `kota` VALUES (83, 4, 'KAMPAR', '2024-08-24 14:07:28', NULL);
INSERT INTO `kota` VALUES (84, 4, 'KEPULAUAN MERANTI', '2024-08-24 14:07:28', NULL);
INSERT INTO `kota` VALUES (85, 4, 'DUMAI', '2024-08-24 14:07:28', NULL);
INSERT INTO `kota` VALUES (86, 4, 'SIAK', '2024-08-24 14:07:28', NULL);
INSERT INTO `kota` VALUES (87, 5, 'TEBO', '2024-08-24 14:07:28', NULL);
INSERT INTO `kota` VALUES (88, 5, 'TANJUNG JABUNG BARAT', '2024-08-24 14:07:28', NULL);
INSERT INTO `kota` VALUES (89, 5, 'MUARO JAMBI', '2024-08-24 14:07:28', NULL);
INSERT INTO `kota` VALUES (90, 5, 'KERINCI', '2024-08-24 14:07:28', NULL);
INSERT INTO `kota` VALUES (91, 5, 'MERANGIN', '2024-08-24 14:07:28', NULL);
INSERT INTO `kota` VALUES (92, 5, 'BUNGO', '2024-08-24 14:07:28', NULL);
INSERT INTO `kota` VALUES (93, 5, 'TANJUNG JABUNG TIMUR', '2024-08-24 14:07:28', NULL);
INSERT INTO `kota` VALUES (94, 5, 'SUNGAIPENUH', '2024-08-24 14:07:28', NULL);
INSERT INTO `kota` VALUES (95, 5, 'BATANG HARI', '2024-08-24 14:07:28', NULL);
INSERT INTO `kota` VALUES (96, 5, 'JAMBI', '2024-08-24 14:07:28', NULL);
INSERT INTO `kota` VALUES (97, 5, 'SAROLANGUN', '2024-08-24 14:07:28', NULL);
INSERT INTO `kota` VALUES (98, 6, 'PALEMBANG', '2024-08-24 14:07:28', NULL);
INSERT INTO `kota` VALUES (99, 6, 'LAHAT', '2024-08-24 14:07:28', NULL);
INSERT INTO `kota` VALUES (100, 6, 'OGAN KOMERING ULU TIMUR', '2024-08-24 14:07:28', NULL);
INSERT INTO `kota` VALUES (101, 6, 'MUSI BANYUASIN', '2024-08-24 14:07:28', NULL);
INSERT INTO `kota` VALUES (102, 6, 'PAGAR ALAM', '2024-08-24 14:07:28', NULL);
INSERT INTO `kota` VALUES (103, 6, 'OGAN KOMERING ULU SELATAN', '2024-08-24 14:07:28', NULL);
INSERT INTO `kota` VALUES (104, 6, 'BANYUASIN', '2024-08-24 14:07:28', NULL);
INSERT INTO `kota` VALUES (105, 6, 'MUSI RAWAS', '2024-08-24 14:07:28', NULL);
INSERT INTO `kota` VALUES (106, 6, 'MUARA ENIM', '2024-08-24 14:07:28', NULL);
INSERT INTO `kota` VALUES (107, 6, 'OGAN KOMERING ULU', '2024-08-24 14:07:28', NULL);
INSERT INTO `kota` VALUES (108, 6, 'OGAN KOMERING ILIR', '2024-08-24 14:07:28', NULL);
INSERT INTO `kota` VALUES (109, 6, 'EMPAT LAWANG', '2024-08-24 14:07:28', NULL);
INSERT INTO `kota` VALUES (110, 6, 'LUBUK LINGGAU', '2024-08-24 14:07:28', NULL);
INSERT INTO `kota` VALUES (111, 6, 'PRABUMULIH', '2024-08-24 14:07:28', NULL);
INSERT INTO `kota` VALUES (112, 6, 'OGAN ILIR', '2024-08-24 14:07:28', NULL);
INSERT INTO `kota` VALUES (113, 7, 'BENGKULU TENGAH', '2024-08-24 14:07:28', NULL);
INSERT INTO `kota` VALUES (114, 7, 'REJANG LEBONG', '2024-08-24 14:07:28', NULL);
INSERT INTO `kota` VALUES (115, 7, 'MUKO MUKO', '2024-08-24 14:07:28', NULL);
INSERT INTO `kota` VALUES (116, 7, 'KAUR', '2024-08-24 14:07:28', NULL);
INSERT INTO `kota` VALUES (117, 7, 'BENGKULU UTARA', '2024-08-24 14:07:28', NULL);
INSERT INTO `kota` VALUES (118, 7, 'LEBONG', '2024-08-24 14:07:28', NULL);
INSERT INTO `kota` VALUES (119, 7, 'KEPAHIANG', '2024-08-24 14:07:28', NULL);
INSERT INTO `kota` VALUES (120, 7, 'BENGKULU SELATAN', '2024-08-24 14:07:28', NULL);
INSERT INTO `kota` VALUES (121, 7, 'SELUMA', '2024-08-24 14:07:28', NULL);
INSERT INTO `kota` VALUES (122, 7, 'BENGKULU', '2024-08-24 14:07:28', NULL);
INSERT INTO `kota` VALUES (123, 8, 'LAMPUNG UTARA', '2024-08-24 14:07:28', NULL);
INSERT INTO `kota` VALUES (124, 8, 'WAY KANAN', '2024-08-24 14:07:28', NULL);
INSERT INTO `kota` VALUES (125, 8, 'LAMPUNG TENGAH', '2024-08-24 14:07:28', NULL);
INSERT INTO `kota` VALUES (126, 8, 'MESUJI', '2024-08-24 14:07:28', NULL);
INSERT INTO `kota` VALUES (127, 8, 'PRINGSEWU', '2024-08-24 14:07:28', NULL);
INSERT INTO `kota` VALUES (128, 8, 'LAMPUNG TIMUR', '2024-08-24 14:07:28', NULL);
INSERT INTO `kota` VALUES (129, 8, 'LAMPUNG SELATAN', '2024-08-24 14:07:28', NULL);
INSERT INTO `kota` VALUES (130, 8, 'TULANG BAWANG', '2024-08-24 14:07:28', NULL);
INSERT INTO `kota` VALUES (131, 8, 'TULANG BAWANG BARAT', '2024-08-24 14:07:28', NULL);
INSERT INTO `kota` VALUES (132, 8, 'TANGGAMUS', '2024-08-24 14:07:28', NULL);
INSERT INTO `kota` VALUES (133, 8, 'LAMPUNG BARAT', '2024-08-24 14:07:28', NULL);
INSERT INTO `kota` VALUES (134, 8, 'PESISIR BARAT', '2024-08-24 14:07:28', NULL);
INSERT INTO `kota` VALUES (135, 8, 'PESAWARAN', '2024-08-24 14:07:28', NULL);
INSERT INTO `kota` VALUES (136, 8, 'BANDAR LAMPUNG', '2024-08-24 14:07:28', NULL);
INSERT INTO `kota` VALUES (137, 8, 'METRO', '2024-08-24 14:07:28', NULL);
INSERT INTO `kota` VALUES (138, 9, 'BELITUNG', '2024-08-24 14:07:28', NULL);
INSERT INTO `kota` VALUES (139, 9, 'BELITUNG TIMUR', '2024-08-24 14:07:28', NULL);
INSERT INTO `kota` VALUES (140, 9, 'BANGKA', '2024-08-24 14:07:28', NULL);
INSERT INTO `kota` VALUES (141, 9, 'BANGKA SELATAN', '2024-08-24 14:07:28', NULL);
INSERT INTO `kota` VALUES (142, 9, 'BANGKA BARAT', '2024-08-24 14:07:28', NULL);
INSERT INTO `kota` VALUES (143, 9, 'PANGKAL PINANG', '2024-08-24 14:07:28', NULL);
INSERT INTO `kota` VALUES (144, 9, 'BANGKA TENGAH', '2024-08-24 14:07:28', NULL);
INSERT INTO `kota` VALUES (145, 10, 'KEPULAUAN ANAMBAS', '2024-08-24 14:07:28', NULL);
INSERT INTO `kota` VALUES (146, 10, 'BINTAN', '2024-08-24 14:07:28', NULL);
INSERT INTO `kota` VALUES (147, 10, 'NATUNA', '2024-08-24 14:07:28', NULL);
INSERT INTO `kota` VALUES (148, 10, 'BATAM', '2024-08-24 14:07:28', NULL);
INSERT INTO `kota` VALUES (149, 10, 'TANJUNG PINANG', '2024-08-24 14:07:28', NULL);
INSERT INTO `kota` VALUES (150, 10, 'KARIMUN', '2024-08-24 14:07:28', NULL);
INSERT INTO `kota` VALUES (151, 10, 'LINGGA', '2024-08-24 14:07:28', NULL);
INSERT INTO `kota` VALUES (152, 11, 'JAKARTA UTARA', '2024-08-24 14:07:28', NULL);
INSERT INTO `kota` VALUES (153, 11, 'JAKARTA BARAT', '2024-08-24 14:07:28', NULL);
INSERT INTO `kota` VALUES (154, 11, 'JAKARTA TIMUR', '2024-08-24 14:07:28', NULL);
INSERT INTO `kota` VALUES (155, 11, 'JAKARTA SELATAN', '2024-08-24 14:07:28', NULL);
INSERT INTO `kota` VALUES (156, 11, 'JAKARTA PUSAT', '2024-08-24 14:07:28', NULL);
INSERT INTO `kota` VALUES (157, 11, 'KEPULAUAN SERIBU', '2024-08-24 14:07:28', NULL);
INSERT INTO `kota` VALUES (158, 12, 'DEPOK', '2024-08-24 14:07:28', NULL);
INSERT INTO `kota` VALUES (159, 12, 'KARAWANG', '2024-08-24 14:07:28', NULL);
INSERT INTO `kota` VALUES (160, 12, 'CIREBON', '2024-08-24 14:07:28', NULL);
INSERT INTO `kota` VALUES (161, 12, 'BANDUNG', '2024-08-24 14:07:28', NULL);
INSERT INTO `kota` VALUES (162, 12, 'SUKABUMI', '2024-08-24 14:07:28', NULL);
INSERT INTO `kota` VALUES (163, 12, 'SUMEDANG', '2024-08-24 14:07:28', NULL);
INSERT INTO `kota` VALUES (164, 12, 'INDRAMAYU', '2024-08-24 14:07:28', NULL);
INSERT INTO `kota` VALUES (165, 12, 'MAJALENGKA', '2024-08-24 14:07:28', NULL);
INSERT INTO `kota` VALUES (166, 12, 'KUNINGAN', '2024-08-24 14:07:28', NULL);
INSERT INTO `kota` VALUES (167, 12, 'TASIKMALAYA', '2024-08-24 14:07:28', NULL);
INSERT INTO `kota` VALUES (168, 12, 'CIAMIS', '2024-08-24 14:07:28', NULL);
INSERT INTO `kota` VALUES (169, 12, 'SUBANG', '2024-08-24 14:07:28', NULL);
INSERT INTO `kota` VALUES (170, 12, 'PURWAKARTA', '2024-08-24 14:07:28', NULL);
INSERT INTO `kota` VALUES (171, 12, 'BOGOR', '2024-08-24 14:07:28', NULL);
INSERT INTO `kota` VALUES (172, 12, 'BEKASI', '2024-08-24 14:07:28', NULL);
INSERT INTO `kota` VALUES (173, 12, 'GARUT', '2024-08-24 14:07:28', NULL);
INSERT INTO `kota` VALUES (174, 12, 'PANGANDARAN', '2024-08-24 14:07:28', NULL);
INSERT INTO `kota` VALUES (175, 12, 'CIANJUR', '2024-08-24 14:07:28', NULL);
INSERT INTO `kota` VALUES (176, 12, 'BANJAR', '2024-08-24 14:07:28', NULL);
INSERT INTO `kota` VALUES (177, 12, 'BANDUNG BARAT', '2024-08-24 14:07:28', NULL);
INSERT INTO `kota` VALUES (178, 12, 'CIMAHI', '2024-08-24 14:07:28', NULL);
INSERT INTO `kota` VALUES (179, 13, 'PURBALINGGA', '2024-08-24 14:07:28', NULL);
INSERT INTO `kota` VALUES (180, 13, 'KEBUMEN', '2024-08-24 14:07:28', NULL);
INSERT INTO `kota` VALUES (181, 13, 'MAGELANG', '2024-08-24 14:07:28', NULL);
INSERT INTO `kota` VALUES (182, 13, 'CILACAP', '2024-08-24 14:07:28', NULL);
INSERT INTO `kota` VALUES (183, 13, 'BATANG', '2024-08-24 14:07:28', NULL);
INSERT INTO `kota` VALUES (184, 13, 'BANJARNEGARA', '2024-08-24 14:07:28', NULL);
INSERT INTO `kota` VALUES (185, 13, 'BLORA', '2024-08-24 14:07:28', NULL);
INSERT INTO `kota` VALUES (186, 13, 'BREBES', '2024-08-24 14:07:28', NULL);
INSERT INTO `kota` VALUES (187, 13, 'BANYUMAS', '2024-08-24 14:07:28', NULL);
INSERT INTO `kota` VALUES (188, 13, 'WONOSOBO', '2024-08-24 14:07:28', NULL);
INSERT INTO `kota` VALUES (189, 13, 'TEGAL', '2024-08-24 14:07:28', NULL);
INSERT INTO `kota` VALUES (190, 13, 'PURWOREJO', '2024-08-24 14:07:28', NULL);
INSERT INTO `kota` VALUES (191, 13, 'PATI', '2024-08-24 14:07:28', NULL);
INSERT INTO `kota` VALUES (192, 13, 'SUKOHARJO', '2024-08-24 14:07:28', NULL);
INSERT INTO `kota` VALUES (193, 13, 'KARANGANYAR', '2024-08-24 14:07:28', NULL);
INSERT INTO `kota` VALUES (194, 13, 'PEKALONGAN', '2024-08-24 14:07:28', NULL);
INSERT INTO `kota` VALUES (195, 13, 'PEMALANG', '2024-08-24 14:07:28', NULL);
INSERT INTO `kota` VALUES (196, 13, 'BOYOLALI', '2024-08-24 14:07:28', NULL);
INSERT INTO `kota` VALUES (197, 13, 'GROBOGAN', '2024-08-24 14:07:28', NULL);
INSERT INTO `kota` VALUES (198, 13, 'SEMARANG', '2024-08-24 14:07:28', NULL);
INSERT INTO `kota` VALUES (199, 13, 'DEMAK', '2024-08-24 14:07:28', NULL);
INSERT INTO `kota` VALUES (200, 13, 'REMBANG', '2024-08-24 14:07:28', NULL);
INSERT INTO `kota` VALUES (201, 13, 'KLATEN', '2024-08-24 14:07:28', NULL);
INSERT INTO `kota` VALUES (202, 13, 'KUDUS', '2024-08-24 14:07:28', NULL);
INSERT INTO `kota` VALUES (203, 13, 'TEMANGGUNG', '2024-08-24 14:07:28', NULL);
INSERT INTO `kota` VALUES (204, 13, 'SRAGEN', '2024-08-24 14:07:28', NULL);
INSERT INTO `kota` VALUES (205, 13, 'JEPARA', '2024-08-24 14:07:28', NULL);
INSERT INTO `kota` VALUES (206, 13, 'WONOGIRI', '2024-08-24 14:07:28', NULL);
INSERT INTO `kota` VALUES (207, 13, 'KENDAL', '2024-08-24 14:07:28', NULL);
INSERT INTO `kota` VALUES (208, 13, 'SURAKARTA (SOLO)', '2024-08-24 14:07:28', NULL);
INSERT INTO `kota` VALUES (209, 13, 'SALATIGA', '2024-08-24 14:07:28', NULL);
INSERT INTO `kota` VALUES (210, 14, 'SLEMAN', '2024-08-24 14:07:28', NULL);
INSERT INTO `kota` VALUES (211, 14, 'BANTUL', '2024-08-24 14:07:28', NULL);
INSERT INTO `kota` VALUES (212, 14, 'YOGYAKARTA', '2024-08-24 14:07:28', NULL);
INSERT INTO `kota` VALUES (213, 14, 'GUNUNG KIDUL', '2024-08-24 14:07:28', NULL);
INSERT INTO `kota` VALUES (214, 14, 'KULON PROGO', '2024-08-24 14:07:28', NULL);
INSERT INTO `kota` VALUES (215, 15, 'GRESIK', '2024-08-24 14:07:28', NULL);
INSERT INTO `kota` VALUES (216, 15, 'KEDIRI', '2024-08-24 14:07:28', NULL);
INSERT INTO `kota` VALUES (217, 15, 'SAMPANG', '2024-08-24 14:07:28', NULL);
INSERT INTO `kota` VALUES (218, 15, 'BANGKALAN', '2024-08-24 14:07:28', NULL);
INSERT INTO `kota` VALUES (219, 15, 'SUMENEP', '2024-08-24 14:07:28', NULL);
INSERT INTO `kota` VALUES (220, 15, 'SITUBONDO', '2024-08-24 14:07:28', NULL);
INSERT INTO `kota` VALUES (221, 15, 'SURABAYA', '2024-08-24 14:07:28', NULL);
INSERT INTO `kota` VALUES (222, 15, 'JEMBER', '2024-08-24 14:07:28', NULL);
INSERT INTO `kota` VALUES (223, 15, 'PAMEKASAN', '2024-08-24 14:07:28', NULL);
INSERT INTO `kota` VALUES (224, 15, 'JOMBANG', '2024-08-24 14:07:28', NULL);
INSERT INTO `kota` VALUES (225, 15, 'PROBOLINGGO', '2024-08-24 14:07:28', NULL);
INSERT INTO `kota` VALUES (226, 15, 'BANYUWANGI', '2024-08-24 14:07:28', NULL);
INSERT INTO `kota` VALUES (227, 15, 'PASURUAN', '2024-08-24 14:07:28', NULL);
INSERT INTO `kota` VALUES (228, 15, 'BOJONEGORO', '2024-08-24 14:07:28', NULL);
INSERT INTO `kota` VALUES (229, 15, 'BONDOWOSO', '2024-08-24 14:07:28', NULL);
INSERT INTO `kota` VALUES (230, 15, 'MAGETAN', '2024-08-24 14:07:28', NULL);
INSERT INTO `kota` VALUES (231, 15, 'LUMAJANG', '2024-08-24 14:07:28', NULL);
INSERT INTO `kota` VALUES (232, 15, 'MALANG', '2024-08-24 14:07:28', NULL);
INSERT INTO `kota` VALUES (233, 15, 'BLITAR', '2024-08-24 14:07:28', NULL);
INSERT INTO `kota` VALUES (234, 15, 'SIDOARJO', '2024-08-24 14:07:28', NULL);
INSERT INTO `kota` VALUES (235, 15, 'LAMONGAN', '2024-08-24 14:07:28', NULL);
INSERT INTO `kota` VALUES (236, 15, 'PACITAN', '2024-08-24 14:07:28', NULL);
INSERT INTO `kota` VALUES (237, 15, 'TULUNGAGUNG', '2024-08-24 14:07:28', NULL);
INSERT INTO `kota` VALUES (238, 15, 'MOJOKERTO', '2024-08-24 14:07:28', NULL);
INSERT INTO `kota` VALUES (239, 15, 'MADIUN', '2024-08-24 14:07:28', NULL);
INSERT INTO `kota` VALUES (240, 15, 'PONOROGO', '2024-08-24 14:07:28', NULL);
INSERT INTO `kota` VALUES (241, 15, 'NGAWI', '2024-08-24 14:07:28', NULL);
INSERT INTO `kota` VALUES (242, 15, 'NGANJUK', '2024-08-24 14:07:28', NULL);
INSERT INTO `kota` VALUES (243, 15, 'TUBAN', '2024-08-24 14:07:28', NULL);
INSERT INTO `kota` VALUES (244, 15, 'TRENGGALEK', '2024-08-24 14:07:28', NULL);
INSERT INTO `kota` VALUES (245, 15, 'BATU', '2024-08-24 14:07:28', NULL);
INSERT INTO `kota` VALUES (246, 16, 'TANGERANG', '2024-08-24 14:07:28', NULL);
INSERT INTO `kota` VALUES (247, 16, 'SERANG', '2024-08-24 14:07:28', NULL);
INSERT INTO `kota` VALUES (248, 16, 'PANDEGLANG', '2024-08-24 14:07:28', NULL);
INSERT INTO `kota` VALUES (249, 16, 'LEBAK', '2024-08-24 14:07:28', NULL);
INSERT INTO `kota` VALUES (250, 16, 'TANGERANG SELATAN', '2024-08-24 14:07:28', NULL);
INSERT INTO `kota` VALUES (251, 16, 'CILEGON', '2024-08-24 14:07:28', NULL);
INSERT INTO `kota` VALUES (252, 17, 'KLUNGKUNG', '2024-08-24 14:07:28', NULL);
INSERT INTO `kota` VALUES (253, 17, 'KARANGASEM', '2024-08-24 14:07:28', NULL);
INSERT INTO `kota` VALUES (254, 17, 'BANGLI', '2024-08-24 14:07:28', NULL);
INSERT INTO `kota` VALUES (255, 17, 'TABANAN', '2024-08-24 14:07:28', NULL);
INSERT INTO `kota` VALUES (256, 17, 'GIANYAR', '2024-08-24 14:07:28', NULL);
INSERT INTO `kota` VALUES (257, 17, 'BADUNG', '2024-08-24 14:07:28', NULL);
INSERT INTO `kota` VALUES (258, 17, 'JEMBRANA', '2024-08-24 14:07:28', NULL);
INSERT INTO `kota` VALUES (259, 17, 'BULELENG', '2024-08-24 14:07:28', NULL);
INSERT INTO `kota` VALUES (260, 17, 'DENPASAR', '2024-08-24 14:07:28', NULL);
INSERT INTO `kota` VALUES (261, 18, 'MATARAM', '2024-08-24 14:07:28', NULL);
INSERT INTO `kota` VALUES (262, 18, 'DOMPU', '2024-08-24 14:07:28', NULL);
INSERT INTO `kota` VALUES (263, 18, 'SUMBAWA BARAT', '2024-08-24 14:07:28', NULL);
INSERT INTO `kota` VALUES (264, 18, 'SUMBAWA', '2024-08-24 14:07:28', NULL);
INSERT INTO `kota` VALUES (265, 18, 'LOMBOK TENGAH', '2024-08-24 14:07:28', NULL);
INSERT INTO `kota` VALUES (266, 18, 'LOMBOK TIMUR', '2024-08-24 14:07:28', NULL);
INSERT INTO `kota` VALUES (267, 18, 'LOMBOK UTARA', '2024-08-24 14:07:28', NULL);
INSERT INTO `kota` VALUES (268, 18, 'LOMBOK BARAT', '2024-08-24 14:07:28', NULL);
INSERT INTO `kota` VALUES (269, 18, 'BIMA', '2024-08-24 14:07:28', NULL);
INSERT INTO `kota` VALUES (270, 19, 'TIMOR TENGAH SELATAN', '2024-08-24 14:07:28', NULL);
INSERT INTO `kota` VALUES (271, 19, 'FLORES TIMUR', '2024-08-24 14:07:28', NULL);
INSERT INTO `kota` VALUES (272, 19, 'ALOR', '2024-08-24 14:07:28', NULL);
INSERT INTO `kota` VALUES (273, 19, 'ENDE', '2024-08-24 14:07:28', NULL);
INSERT INTO `kota` VALUES (274, 19, 'NAGEKEO', '2024-08-24 14:07:28', NULL);
INSERT INTO `kota` VALUES (275, 19, 'KUPANG', '2024-08-24 14:07:28', NULL);
INSERT INTO `kota` VALUES (276, 19, 'SIKKA', '2024-08-24 14:07:28', NULL);
INSERT INTO `kota` VALUES (277, 19, 'NGADA', '2024-08-24 14:07:28', NULL);
INSERT INTO `kota` VALUES (278, 19, 'TIMOR TENGAH UTARA', '2024-08-24 14:07:28', NULL);
INSERT INTO `kota` VALUES (279, 19, 'BELU', '2024-08-24 14:07:28', NULL);
INSERT INTO `kota` VALUES (280, 19, 'LEMBATA', '2024-08-24 14:07:28', NULL);
INSERT INTO `kota` VALUES (281, 19, 'SUMBA BARAT DAYA', '2024-08-24 14:07:28', NULL);
INSERT INTO `kota` VALUES (282, 19, 'SUMBA BARAT', '2024-08-24 14:07:28', NULL);
INSERT INTO `kota` VALUES (283, 19, 'SUMBA TENGAH', '2024-08-24 14:07:28', NULL);
INSERT INTO `kota` VALUES (284, 19, 'SUMBA TIMUR', '2024-08-24 14:07:28', NULL);
INSERT INTO `kota` VALUES (285, 19, 'ROTE NDAO', '2024-08-24 14:07:28', NULL);
INSERT INTO `kota` VALUES (286, 19, 'MANGGARAI TIMUR', '2024-08-24 14:07:28', NULL);
INSERT INTO `kota` VALUES (287, 19, 'MANGGARAI', '2024-08-24 14:07:28', NULL);
INSERT INTO `kota` VALUES (288, 19, 'SABU RAIJUA', '2024-08-24 14:07:28', NULL);
INSERT INTO `kota` VALUES (289, 19, 'MANGGARAI BARAT', '2024-08-24 14:07:28', NULL);
INSERT INTO `kota` VALUES (290, 20, 'LANDAK', '2024-08-24 14:07:28', NULL);
INSERT INTO `kota` VALUES (291, 20, 'KETAPANG', '2024-08-24 14:07:28', NULL);
INSERT INTO `kota` VALUES (292, 20, 'SINTANG', '2024-08-24 14:07:28', NULL);
INSERT INTO `kota` VALUES (293, 20, 'KUBU RAYA', '2024-08-24 14:07:28', NULL);
INSERT INTO `kota` VALUES (294, 20, 'PONTIANAK', '2024-08-24 14:07:28', NULL);
INSERT INTO `kota` VALUES (295, 20, 'KAYONG UTARA', '2024-08-24 14:07:28', NULL);
INSERT INTO `kota` VALUES (296, 20, 'BENGKAYANG', '2024-08-24 14:07:28', NULL);
INSERT INTO `kota` VALUES (297, 20, 'KAPUAS HULU', '2024-08-24 14:07:28', NULL);
INSERT INTO `kota` VALUES (298, 20, 'SAMBAS', '2024-08-24 14:07:28', NULL);
INSERT INTO `kota` VALUES (299, 20, 'SINGKAWANG', '2024-08-24 14:07:28', NULL);
INSERT INTO `kota` VALUES (300, 20, 'SANGGAU', '2024-08-24 14:07:28', NULL);
INSERT INTO `kota` VALUES (301, 20, 'MELAWI', '2024-08-24 14:07:28', NULL);
INSERT INTO `kota` VALUES (302, 20, 'SEKADAU', '2024-08-24 14:07:28', NULL);
INSERT INTO `kota` VALUES (303, 21, 'KOTAWARINGIN TIMUR', '2024-08-24 14:07:28', NULL);
INSERT INTO `kota` VALUES (304, 21, 'SUKAMARA', '2024-08-24 14:07:28', NULL);
INSERT INTO `kota` VALUES (305, 21, 'KOTAWARINGIN BARAT', '2024-08-24 14:07:28', NULL);
INSERT INTO `kota` VALUES (306, 21, 'BARITO TIMUR', '2024-08-24 14:07:28', NULL);
INSERT INTO `kota` VALUES (307, 21, 'KAPUAS', '2024-08-24 14:07:28', NULL);
INSERT INTO `kota` VALUES (308, 21, 'PULANG PISAU', '2024-08-24 14:07:28', NULL);
INSERT INTO `kota` VALUES (309, 21, 'LAMANDAU', '2024-08-24 14:07:28', NULL);
INSERT INTO `kota` VALUES (310, 21, 'SERUYAN', '2024-08-24 14:07:28', NULL);
INSERT INTO `kota` VALUES (311, 21, 'KATINGAN', '2024-08-24 14:07:28', NULL);
INSERT INTO `kota` VALUES (312, 21, 'BARITO SELATAN', '2024-08-24 14:07:28', NULL);
INSERT INTO `kota` VALUES (313, 21, 'MURUNG RAYA', '2024-08-24 14:07:28', NULL);
INSERT INTO `kota` VALUES (314, 21, 'BARITO UTARA', '2024-08-24 14:07:28', NULL);
INSERT INTO `kota` VALUES (315, 21, 'GUNUNG MAS', '2024-08-24 14:07:28', NULL);
INSERT INTO `kota` VALUES (316, 21, 'PALANGKA RAYA', '2024-08-24 14:07:28', NULL);
INSERT INTO `kota` VALUES (317, 22, 'TAPIN', '2024-08-24 14:07:28', NULL);
INSERT INTO `kota` VALUES (318, 22, 'BANJAR', '2024-08-24 14:07:28', NULL);
INSERT INTO `kota` VALUES (319, 22, 'HULU SUNGAI TENGAH', '2024-08-24 14:07:28', NULL);
INSERT INTO `kota` VALUES (320, 22, 'TABALONG', '2024-08-24 14:07:28', NULL);
INSERT INTO `kota` VALUES (321, 22, 'HULU SUNGAI UTARA', '2024-08-24 14:07:28', NULL);
INSERT INTO `kota` VALUES (322, 22, 'BALANGAN', '2024-08-24 14:07:28', NULL);
INSERT INTO `kota` VALUES (323, 22, 'TANAH BUMBU', '2024-08-24 14:07:28', NULL);
INSERT INTO `kota` VALUES (324, 22, 'BANJARMASIN', '2024-08-24 14:07:28', NULL);
INSERT INTO `kota` VALUES (325, 22, 'KOTABARU', '2024-08-24 14:07:28', NULL);
INSERT INTO `kota` VALUES (326, 22, 'TANAH LAUT', '2024-08-24 14:07:28', NULL);
INSERT INTO `kota` VALUES (327, 22, 'HULU SUNGAI SELATAN', '2024-08-24 14:07:28', NULL);
INSERT INTO `kota` VALUES (328, 22, 'BARITO KUALA', '2024-08-24 14:07:28', NULL);
INSERT INTO `kota` VALUES (329, 22, 'BANJARBARU', '2024-08-24 14:07:28', NULL);
INSERT INTO `kota` VALUES (330, 23, 'KUTAI BARAT', '2024-08-24 14:07:28', NULL);
INSERT INTO `kota` VALUES (331, 23, 'SAMARINDA', '2024-08-24 14:07:28', NULL);
INSERT INTO `kota` VALUES (332, 23, 'PASER', '2024-08-24 14:07:28', NULL);
INSERT INTO `kota` VALUES (333, 23, 'KUTAI KARTANEGARA', '2024-08-24 14:07:28', NULL);
INSERT INTO `kota` VALUES (334, 23, 'BERAU', '2024-08-24 14:07:28', NULL);
INSERT INTO `kota` VALUES (335, 23, 'PENAJAM PASER UTARA', '2024-08-24 14:07:28', NULL);
INSERT INTO `kota` VALUES (336, 23, 'BONTANG', '2024-08-24 14:07:28', NULL);
INSERT INTO `kota` VALUES (337, 23, 'KUTAI TIMUR', '2024-08-24 14:07:28', NULL);
INSERT INTO `kota` VALUES (338, 23, 'BALIKPAPAN', '2024-08-24 14:07:28', NULL);
INSERT INTO `kota` VALUES (339, 24, 'MALINAU', '2024-08-24 14:07:28', NULL);
INSERT INTO `kota` VALUES (340, 24, 'NUNUKAN', '2024-08-24 14:07:28', NULL);
INSERT INTO `kota` VALUES (341, 24, 'BULUNGAN (BULONGAN)', '2024-08-24 14:07:28', NULL);
INSERT INTO `kota` VALUES (342, 24, 'TANA TIDUNG', '2024-08-24 14:07:28', NULL);
INSERT INTO `kota` VALUES (343, 24, 'TARAKAN', '2024-08-24 14:07:28', NULL);
INSERT INTO `kota` VALUES (344, 25, 'BOLAANG MONGONDOW (BOLMONG)', '2024-08-24 14:07:28', NULL);
INSERT INTO `kota` VALUES (345, 25, 'BOLAANG MONGONDOW SELATAN', '2024-08-24 14:07:28', NULL);
INSERT INTO `kota` VALUES (346, 25, 'MINAHASA SELATAN', '2024-08-24 14:07:28', NULL);
INSERT INTO `kota` VALUES (347, 25, 'BITUNG', '2024-08-24 14:07:28', NULL);
INSERT INTO `kota` VALUES (348, 25, 'MINAHASA', '2024-08-24 14:07:28', NULL);
INSERT INTO `kota` VALUES (349, 25, 'KEPULAUAN SANGIHE', '2024-08-24 14:07:28', NULL);
INSERT INTO `kota` VALUES (350, 25, 'MINAHASA UTARA', '2024-08-24 14:07:28', NULL);
INSERT INTO `kota` VALUES (351, 25, 'KEPULAUAN TALAUD', '2024-08-24 14:07:28', NULL);
INSERT INTO `kota` VALUES (352, 25, 'KEPULAUAN SIAU TAGULANDANG BIARO (SITARO)', '2024-08-24 14:07:28', NULL);
INSERT INTO `kota` VALUES (353, 25, 'MANADO', '2024-08-24 14:07:28', NULL);
INSERT INTO `kota` VALUES (354, 25, 'BOLAANG MONGONDOW UTARA', '2024-08-24 14:07:28', NULL);
INSERT INTO `kota` VALUES (355, 25, 'BOLAANG MONGONDOW TIMUR', '2024-08-24 14:07:28', NULL);
INSERT INTO `kota` VALUES (356, 25, 'MINAHASA TENGGARA', '2024-08-24 14:07:28', NULL);
INSERT INTO `kota` VALUES (357, 25, 'KOTAMOBAGU', '2024-08-24 14:07:28', NULL);
INSERT INTO `kota` VALUES (358, 25, 'TOMOHON', '2024-08-24 14:07:28', NULL);
INSERT INTO `kota` VALUES (359, 26, 'BANGGAI KEPULAUAN', '2024-08-24 14:07:28', NULL);
INSERT INTO `kota` VALUES (360, 26, 'TOLI-TOLI', '2024-08-24 14:07:28', NULL);
INSERT INTO `kota` VALUES (361, 26, 'PARIGI MOUTONG', '2024-08-24 14:07:28', NULL);
INSERT INTO `kota` VALUES (362, 26, 'BUOL', '2024-08-24 14:07:28', NULL);
INSERT INTO `kota` VALUES (363, 26, 'DONGGALA', '2024-08-24 14:07:28', NULL);
INSERT INTO `kota` VALUES (364, 26, 'POSO', '2024-08-24 14:07:28', NULL);
INSERT INTO `kota` VALUES (365, 26, 'MOROWALI', '2024-08-24 14:07:28', NULL);
INSERT INTO `kota` VALUES (366, 26, 'TOJO UNA-UNA', '2024-08-24 14:07:28', NULL);
INSERT INTO `kota` VALUES (367, 26, 'BANGGAI', '2024-08-24 14:07:28', NULL);
INSERT INTO `kota` VALUES (368, 26, 'SIGI', '2024-08-24 14:07:28', NULL);
INSERT INTO `kota` VALUES (369, 26, 'PALU', '2024-08-24 14:07:28', NULL);
INSERT INTO `kota` VALUES (370, 27, 'MAROS', '2024-08-24 14:07:28', NULL);
INSERT INTO `kota` VALUES (371, 27, 'WAJO', '2024-08-24 14:07:28', NULL);
INSERT INTO `kota` VALUES (372, 27, 'BONE', '2024-08-24 14:07:28', NULL);
INSERT INTO `kota` VALUES (373, 27, 'SOPPENG', '2024-08-24 14:07:28', NULL);
INSERT INTO `kota` VALUES (374, 27, 'SIDENRENG RAPPANG / RAPANG', '2024-08-24 14:07:28', NULL);
INSERT INTO `kota` VALUES (375, 27, 'TAKALAR', '2024-08-24 14:07:28', NULL);
INSERT INTO `kota` VALUES (376, 27, 'BARRU', '2024-08-24 14:07:28', NULL);
INSERT INTO `kota` VALUES (377, 27, 'LUWU TIMUR', '2024-08-24 14:07:28', NULL);
INSERT INTO `kota` VALUES (378, 27, 'SINJAI', '2024-08-24 14:07:28', NULL);
INSERT INTO `kota` VALUES (379, 27, 'PANGKAJENE KEPULAUAN', '2024-08-24 14:07:28', NULL);
INSERT INTO `kota` VALUES (380, 27, 'PINRANG', '2024-08-24 14:07:28', NULL);
INSERT INTO `kota` VALUES (381, 27, 'JENEPONTO', '2024-08-24 14:07:28', NULL);
INSERT INTO `kota` VALUES (382, 27, 'PALOPO', '2024-08-24 14:07:28', NULL);
INSERT INTO `kota` VALUES (383, 27, 'TORAJA UTARA', '2024-08-24 14:07:28', NULL);
INSERT INTO `kota` VALUES (384, 27, 'LUWU', '2024-08-24 14:07:28', NULL);
INSERT INTO `kota` VALUES (385, 27, 'BULUKUMBA', '2024-08-24 14:07:28', NULL);
INSERT INTO `kota` VALUES (386, 27, 'MAKASSAR', '2024-08-24 14:07:28', NULL);
INSERT INTO `kota` VALUES (387, 27, 'SELAYAR (KEPULAUAN SELAYAR)', '2024-08-24 14:07:28', NULL);
INSERT INTO `kota` VALUES (388, 27, 'TANA TORAJA', '2024-08-24 14:07:28', NULL);
INSERT INTO `kota` VALUES (389, 27, 'LUWU UTARA', '2024-08-24 14:07:28', NULL);
INSERT INTO `kota` VALUES (390, 27, 'BANTAENG', '2024-08-24 14:07:28', NULL);
INSERT INTO `kota` VALUES (391, 27, 'GOWA', '2024-08-24 14:07:28', NULL);
INSERT INTO `kota` VALUES (392, 27, 'ENREKANG', '2024-08-24 14:07:28', NULL);
INSERT INTO `kota` VALUES (393, 27, 'PAREPARE', '2024-08-24 14:07:28', NULL);
INSERT INTO `kota` VALUES (394, 28, 'KOLAKA', '2024-08-24 14:07:28', NULL);
INSERT INTO `kota` VALUES (395, 28, 'MUNA', '2024-08-24 14:07:28', NULL);
INSERT INTO `kota` VALUES (396, 28, 'KONAWE SELATAN', '2024-08-24 14:07:28', NULL);
INSERT INTO `kota` VALUES (397, 28, 'KENDARI', '2024-08-24 14:07:28', NULL);
INSERT INTO `kota` VALUES (398, 28, 'KONAWE', '2024-08-24 14:07:28', NULL);
INSERT INTO `kota` VALUES (399, 28, 'KONAWE UTARA', '2024-08-24 14:07:28', NULL);
INSERT INTO `kota` VALUES (400, 28, 'KOLAKA UTARA', '2024-08-24 14:07:28', NULL);
INSERT INTO `kota` VALUES (401, 28, 'BUTON', '2024-08-24 14:07:28', NULL);
INSERT INTO `kota` VALUES (402, 28, 'BOMBANA', '2024-08-24 14:07:28', NULL);
INSERT INTO `kota` VALUES (403, 28, 'WAKATOBI', '2024-08-24 14:07:28', NULL);
INSERT INTO `kota` VALUES (404, 28, 'BAU-BAU', '2024-08-24 14:07:28', NULL);
INSERT INTO `kota` VALUES (405, 28, 'BUTON UTARA', '2024-08-24 14:07:28', NULL);
INSERT INTO `kota` VALUES (406, 29, 'GORONTALO UTARA', '2024-08-24 14:07:28', NULL);
INSERT INTO `kota` VALUES (407, 29, 'BONE BOLANGO', '2024-08-24 14:07:28', NULL);
INSERT INTO `kota` VALUES (408, 29, 'GORONTALO', '2024-08-24 14:07:28', NULL);
INSERT INTO `kota` VALUES (409, 29, 'BOALEMO', '2024-08-24 14:07:28', NULL);
INSERT INTO `kota` VALUES (410, 29, 'POHUWATO', '2024-08-24 14:07:28', NULL);
INSERT INTO `kota` VALUES (411, 30, 'MAJENE', '2024-08-24 14:07:28', NULL);
INSERT INTO `kota` VALUES (412, 30, 'MAMUJU', '2024-08-24 14:07:28', NULL);
INSERT INTO `kota` VALUES (413, 30, 'MAMUJU UTARA', '2024-08-24 14:07:28', NULL);
INSERT INTO `kota` VALUES (414, 30, 'POLEWALI MANDAR', '2024-08-24 14:07:28', NULL);
INSERT INTO `kota` VALUES (415, 30, 'MAMASA', '2024-08-24 14:07:28', NULL);
INSERT INTO `kota` VALUES (416, 31, 'MALUKU TENGGARA BARAT', '2024-08-24 14:07:28', NULL);
INSERT INTO `kota` VALUES (417, 31, 'MALUKU TENGGARA', '2024-08-24 14:07:28', NULL);
INSERT INTO `kota` VALUES (418, 31, 'SERAM BAGIAN BARAT', '2024-08-24 14:07:28', NULL);
INSERT INTO `kota` VALUES (419, 31, 'MALUKU TENGAH', '2024-08-24 14:07:28', NULL);
INSERT INTO `kota` VALUES (420, 31, 'SERAM BAGIAN TIMUR', '2024-08-24 14:07:28', NULL);
INSERT INTO `kota` VALUES (421, 31, 'MALUKU BARAT DAYA', '2024-08-24 14:07:28', NULL);
INSERT INTO `kota` VALUES (422, 31, 'AMBON', '2024-08-24 14:07:28', NULL);
INSERT INTO `kota` VALUES (423, 31, 'BURU', '2024-08-24 14:07:28', NULL);
INSERT INTO `kota` VALUES (424, 31, 'BURU SELATAN', '2024-08-24 14:07:28', NULL);
INSERT INTO `kota` VALUES (425, 31, 'KEPULAUAN ARU', '2024-08-24 14:07:28', NULL);
INSERT INTO `kota` VALUES (426, 31, 'TUAL', '2024-08-24 14:07:28', NULL);
INSERT INTO `kota` VALUES (427, 32, 'HALMAHERA BARAT', '2024-08-24 14:07:28', NULL);
INSERT INTO `kota` VALUES (428, 32, 'TIDORE KEPULAUAN', '2024-08-24 14:07:28', NULL);
INSERT INTO `kota` VALUES (429, 32, 'TERNATE', '2024-08-24 14:07:28', NULL);
INSERT INTO `kota` VALUES (430, 32, 'PULAU MOROTAI', '2024-08-24 14:07:28', NULL);
INSERT INTO `kota` VALUES (431, 32, 'KEPULAUAN SULA', '2024-08-24 14:07:28', NULL);
INSERT INTO `kota` VALUES (432, 32, 'HALMAHERA SELATAN', '2024-08-24 14:07:28', NULL);
INSERT INTO `kota` VALUES (433, 32, 'HALMAHERA TENGAH', '2024-08-24 14:07:28', NULL);
INSERT INTO `kota` VALUES (434, 32, 'HALMAHERA TIMUR', '2024-08-24 14:07:28', NULL);
INSERT INTO `kota` VALUES (435, 32, 'HALMAHERA UTARA', '2024-08-24 14:07:28', NULL);
INSERT INTO `kota` VALUES (436, 33, 'YALIMO', '2024-08-24 14:07:28', NULL);
INSERT INTO `kota` VALUES (437, 33, 'DOGIYAI', '2024-08-24 14:07:28', NULL);
INSERT INTO `kota` VALUES (438, 33, 'ASMAT', '2024-08-24 14:07:28', NULL);
INSERT INTO `kota` VALUES (439, 33, 'JAYAPURA', '2024-08-24 14:07:28', NULL);
INSERT INTO `kota` VALUES (440, 33, 'PANIAI', '2024-08-24 14:07:28', NULL);
INSERT INTO `kota` VALUES (441, 33, 'MAPPI', '2024-08-24 14:07:28', NULL);
INSERT INTO `kota` VALUES (442, 33, 'TOLIKARA', '2024-08-24 14:07:28', NULL);
INSERT INTO `kota` VALUES (443, 33, 'PUNCAK JAYA', '2024-08-24 14:07:28', NULL);
INSERT INTO `kota` VALUES (444, 33, 'PEGUNUNGAN BINTANG', '2024-08-24 14:07:28', NULL);
INSERT INTO `kota` VALUES (445, 33, 'JAYAWIJAYA', '2024-08-24 14:07:28', NULL);
INSERT INTO `kota` VALUES (446, 33, 'LANNY JAYA', '2024-08-24 14:07:28', NULL);
INSERT INTO `kota` VALUES (447, 33, 'NDUGA', '2024-08-24 14:07:28', NULL);
INSERT INTO `kota` VALUES (448, 33, 'BIAK NUMFOR', '2024-08-24 14:07:28', NULL);
INSERT INTO `kota` VALUES (449, 33, 'KEPULAUAN YAPEN (YAPEN WAROPEN)', '2024-08-24 14:07:28', NULL);
INSERT INTO `kota` VALUES (450, 33, 'PUNCAK', '2024-08-24 14:07:28', NULL);
INSERT INTO `kota` VALUES (451, 33, 'INTAN JAYA', '2024-08-24 14:07:28', NULL);
INSERT INTO `kota` VALUES (452, 33, 'WAROPEN', '2024-08-24 14:07:28', NULL);
INSERT INTO `kota` VALUES (453, 33, 'NABIRE', '2024-08-24 14:07:28', NULL);
INSERT INTO `kota` VALUES (454, 33, 'MIMIKA', '2024-08-24 14:07:28', NULL);
INSERT INTO `kota` VALUES (455, 33, 'BOVEN DIGOEL', '2024-08-24 14:07:28', NULL);
INSERT INTO `kota` VALUES (456, 33, 'YAHUKIMO', '2024-08-24 14:07:28', NULL);
INSERT INTO `kota` VALUES (457, 33, 'SARMI', '2024-08-24 14:07:28', NULL);
INSERT INTO `kota` VALUES (458, 33, 'MERAUKE', '2024-08-24 14:07:28', NULL);
INSERT INTO `kota` VALUES (459, 33, 'DEIYAI (DELIYAI)', '2024-08-24 14:07:28', NULL);
INSERT INTO `kota` VALUES (460, 33, 'KEEROM', '2024-08-24 14:07:28', NULL);
INSERT INTO `kota` VALUES (461, 33, 'SUPIORI', '2024-08-24 14:07:28', NULL);
INSERT INTO `kota` VALUES (462, 33, 'MAMBERAMO RAYA', '2024-08-24 14:07:28', NULL);
INSERT INTO `kota` VALUES (463, 33, 'MAMBERAMO TENGAH', '2024-08-24 14:07:28', NULL);
INSERT INTO `kota` VALUES (464, 34, 'RAJA AMPAT', '2024-08-24 14:07:28', NULL);
INSERT INTO `kota` VALUES (465, 34, 'MANOKWARI SELATAN', '2024-08-24 14:07:28', NULL);
INSERT INTO `kota` VALUES (466, 34, 'MANOKWARI', '2024-08-24 14:07:28', NULL);
INSERT INTO `kota` VALUES (467, 34, 'KAIMANA', '2024-08-24 14:07:28', NULL);
INSERT INTO `kota` VALUES (468, 34, 'MAYBRAT', '2024-08-24 14:07:28', NULL);
INSERT INTO `kota` VALUES (469, 34, 'SORONG SELATAN', '2024-08-24 14:07:28', NULL);
INSERT INTO `kota` VALUES (470, 34, 'FAKFAK', '2024-08-24 14:07:28', NULL);
INSERT INTO `kota` VALUES (471, 34, 'PEGUNUNGAN ARFAK', '2024-08-24 14:07:28', NULL);
INSERT INTO `kota` VALUES (472, 34, 'TAMBRAUW', '2024-08-24 14:07:28', NULL);
INSERT INTO `kota` VALUES (473, 34, 'SORONG', '2024-08-24 14:07:28', NULL);
INSERT INTO `kota` VALUES (474, 34, 'TELUK WONDAMA', '2024-08-24 14:07:28', NULL);
INSERT INTO `kota` VALUES (475, 34, 'TELUK BINTUNI', '2024-08-24 14:07:28', NULL);

-- ----------------------------
-- Table structure for migrations
-- ----------------------------
DROP TABLE IF EXISTS `migrations`;
CREATE TABLE `migrations`  (
  `id` int UNSIGNED NOT NULL AUTO_INCREMENT,
  `migration` varchar(255) CHARACTER SET utf8mb4 COLLATE utf8mb4_unicode_ci NOT NULL,
  `batch` int NOT NULL,
  PRIMARY KEY (`id`) USING BTREE
) ENGINE = InnoDB AUTO_INCREMENT = 8 CHARACTER SET = utf8mb4 COLLATE = utf8mb4_unicode_ci ROW_FORMAT = Dynamic;

-- ----------------------------
-- Records of migrations
-- ----------------------------
INSERT INTO `migrations` VALUES (1, '2014_10_12_000000_create_users_table', 1);
INSERT INTO `migrations` VALUES (2, '2019_12_14_000001_create_personal_access_tokens_table', 1);
INSERT INTO `migrations` VALUES (3, '2024_08_24_082049_formulir', 1);
INSERT INTO `migrations` VALUES (4, '2024_08_24_082841_admin_account', 1);
INSERT INTO `migrations` VALUES (5, '2024_08_25_063943_provinsi', 1);
INSERT INTO `migrations` VALUES (6, '2024_08_25_065431_kota', 1);
INSERT INTO `migrations` VALUES (7, '2024_08_25_074629_agama', 1);

-- ----------------------------
-- Table structure for personal_access_tokens
-- ----------------------------
DROP TABLE IF EXISTS `personal_access_tokens`;
CREATE TABLE `personal_access_tokens`  (
  `id` bigint UNSIGNED NOT NULL AUTO_INCREMENT,
  `tokenable_type` varchar(255) CHARACTER SET utf8mb4 COLLATE utf8mb4_unicode_ci NOT NULL,
  `tokenable_id` bigint UNSIGNED NOT NULL,
  `name` varchar(255) CHARACTER SET utf8mb4 COLLATE utf8mb4_unicode_ci NOT NULL,
  `token` varchar(64) CHARACTER SET utf8mb4 COLLATE utf8mb4_unicode_ci NOT NULL,
  `abilities` text CHARACTER SET utf8mb4 COLLATE utf8mb4_unicode_ci NULL,
  `last_used_at` timestamp NULL DEFAULT NULL,
  `created_at` timestamp NULL DEFAULT NULL,
  `updated_at` timestamp NULL DEFAULT NULL,
  PRIMARY KEY (`id`) USING BTREE,
  UNIQUE INDEX `personal_access_tokens_token_unique`(`token` ASC) USING BTREE,
  INDEX `personal_access_tokens_tokenable_type_tokenable_id_index`(`tokenable_type` ASC, `tokenable_id` ASC) USING BTREE
) ENGINE = InnoDB CHARACTER SET = utf8mb4 COLLATE = utf8mb4_unicode_ci ROW_FORMAT = Dynamic;

-- ----------------------------
-- Records of personal_access_tokens
-- ----------------------------

-- ----------------------------
-- Table structure for provinsi
-- ----------------------------
DROP TABLE IF EXISTS `provinsi`;
CREATE TABLE `provinsi`  (
  `id` bigint UNSIGNED NOT NULL AUTO_INCREMENT,
  `nama` varchar(255) CHARACTER SET utf8mb4 COLLATE utf8mb4_unicode_ci NOT NULL,
  `created_at` timestamp NULL DEFAULT NULL,
  `updated_at` timestamp NULL DEFAULT NULL,
  PRIMARY KEY (`id`) USING BTREE
) ENGINE = InnoDB AUTO_INCREMENT = 35 CHARACTER SET = utf8mb4 COLLATE = utf8mb4_unicode_ci ROW_FORMAT = Dynamic;

-- ----------------------------
-- Records of provinsi
-- ----------------------------
INSERT INTO `provinsi` VALUES (1, 'ACEH', '2024-08-24 14:00:50', NULL);
INSERT INTO `provinsi` VALUES (2, 'SUMATERA UTARA', '2024-08-24 14:00:50', NULL);
INSERT INTO `provinsi` VALUES (3, 'SUMATERA BARAT', '2024-08-24 14:00:50', NULL);
INSERT INTO `provinsi` VALUES (4, 'RIAU', '2024-08-24 14:00:50', NULL);
INSERT INTO `provinsi` VALUES (5, 'JAMBI', '2024-08-24 14:00:50', NULL);
INSERT INTO `provinsi` VALUES (6, 'SUMATERA SELATAN', '2024-08-24 14:00:50', NULL);
INSERT INTO `provinsi` VALUES (7, 'BENGKULU', '2024-08-24 14:00:50', NULL);
INSERT INTO `provinsi` VALUES (8, 'LAMPUNG', '2024-08-24 14:00:50', NULL);
INSERT INTO `provinsi` VALUES (9, 'KEPULAUAN BANGKA BELITUNG', '2024-08-24 14:00:50', NULL);
INSERT INTO `provinsi` VALUES (10, 'KEPULAUAN RIAU', '2024-08-24 14:00:50', NULL);
INSERT INTO `provinsi` VALUES (11, 'DKI JAKARTA', '2024-08-24 14:00:50', NULL);
INSERT INTO `provinsi` VALUES (12, 'JAWA BARAT', '2024-08-24 14:00:50', NULL);
INSERT INTO `provinsi` VALUES (13, 'JAWA TENGAH', '2024-08-24 14:00:50', NULL);
INSERT INTO `provinsi` VALUES (14, 'DI YOGYAKARTA', '2024-08-24 14:00:50', NULL);
INSERT INTO `provinsi` VALUES (15, 'JAWA TIMUR', '2024-08-24 14:00:50', NULL);
INSERT INTO `provinsi` VALUES (16, 'BANTEN', '2024-08-24 14:00:50', NULL);
INSERT INTO `provinsi` VALUES (17, 'BALI', '2024-08-24 14:00:50', NULL);
INSERT INTO `provinsi` VALUES (18, 'NUSA TENGGARA BARAT', '2024-08-24 14:00:50', NULL);
INSERT INTO `provinsi` VALUES (19, 'NUSA TENGGARA TIMUR', '2024-08-24 14:00:50', NULL);
INSERT INTO `provinsi` VALUES (20, 'KALIMANTAN BARAT', '2024-08-24 14:00:50', NULL);
INSERT INTO `provinsi` VALUES (21, 'KALIMANTAN TENGAH', '2024-08-24 14:00:50', NULL);
INSERT INTO `provinsi` VALUES (22, 'KALIMANTAN SELATAN', '2024-08-24 14:00:50', NULL);
INSERT INTO `provinsi` VALUES (23, 'KALIMANTAN TIMUR', '2024-08-24 14:00:50', NULL);
INSERT INTO `provinsi` VALUES (24, 'KALIMANTAN UTARA', '2024-08-24 14:00:50', NULL);
INSERT INTO `provinsi` VALUES (25, 'SULAWESI UTARA', '2024-08-24 14:00:50', NULL);
INSERT INTO `provinsi` VALUES (26, 'SULAWESI TENGAH', '2024-08-24 14:00:50', NULL);
INSERT INTO `provinsi` VALUES (27, 'SULAWESI SELATAN', '2024-08-24 14:00:50', NULL);
INSERT INTO `provinsi` VALUES (28, 'SULAWESI TENGGARA', '2024-08-24 14:00:50', NULL);
INSERT INTO `provinsi` VALUES (29, 'GORONTALO', '2024-08-24 14:00:50', NULL);
INSERT INTO `provinsi` VALUES (30, 'SULAWESI BARAT', '2024-08-24 14:00:50', NULL);
INSERT INTO `provinsi` VALUES (31, 'MALUKU', '2024-08-24 14:00:50', NULL);
INSERT INTO `provinsi` VALUES (32, 'MALUKU UTARA', '2024-08-24 14:00:50', NULL);
INSERT INTO `provinsi` VALUES (33, 'PAPUA', '2024-08-24 14:00:50', NULL);
INSERT INTO `provinsi` VALUES (34, 'PAPUA BARAT', '2024-08-24 14:00:50', NULL);

-- ----------------------------
-- Table structure for users
-- ----------------------------
DROP TABLE IF EXISTS `users`;
CREATE TABLE `users`  (
  `id` bigint UNSIGNED NOT NULL AUTO_INCREMENT,
  `name` varchar(255) CHARACTER SET utf8mb4 COLLATE utf8mb4_unicode_ci NOT NULL,
  `email` varchar(255) CHARACTER SET utf8mb4 COLLATE utf8mb4_unicode_ci NOT NULL,
  `email_verified_at` timestamp NULL DEFAULT NULL,
  `password` varchar(255) CHARACTER SET utf8mb4 COLLATE utf8mb4_unicode_ci NOT NULL,
  `id_role` bigint NOT NULL,
  `remember_token` varchar(100) CHARACTER SET utf8mb4 COLLATE utf8mb4_unicode_ci NULL DEFAULT NULL,
  `created_at` timestamp NULL DEFAULT NULL,
  `updated_at` timestamp NULL DEFAULT NULL,
  PRIMARY KEY (`id`) USING BTREE,
  UNIQUE INDEX `users_email_unique`(`email` ASC) USING BTREE
) ENGINE = InnoDB AUTO_INCREMENT = 6 CHARACTER SET = utf8mb4 COLLATE = utf8mb4_unicode_ci ROW_FORMAT = Dynamic;

-- ----------------------------
-- Records of users
-- ----------------------------
INSERT INTO `users` VALUES (1, 'syakir', 'syakir@gmail.com', NULL, '$2y$10$QPWe1S5pLtE1sa6xOP47WO/zKbsW/YnxF7GxddQEQzZ466gSWnY.y', 1, NULL, '2024-08-23 13:31:41', '2024-08-25 05:55:59');
INSERT INTO `users` VALUES (2, 'superadmin', 'super@gmail.com', NULL, '$2y$10$QPWe1S5pLtE1sa6xOP47WO/zKbsW/YnxF7GxddQEQzZ466gSWnY.y', 2, NULL, NULL, NULL);
INSERT INTO `users` VALUES (3, 'syhrl', 'syahrul@gmail.com', NULL, '$2y$10$ms3JCId2yiGMpVWTa/qk8eQ6UW0XEKXHkg2YiP6.l7BRHHvMIDxDW', 1, NULL, '2024-08-23 13:42:32', '2024-08-24 15:01:19');
INSERT INTO `users` VALUES (4, 'ramad', 'rama@gmail.com', NULL, '$2y$10$yH49CzKeo.JzWw65AvDPa.rTFO.usFpaaPz7tfi..WnUKOXR6ARQq', 1, NULL, '2024-08-24 14:56:02', '2024-08-25 01:43:12');
INSERT INTO `users` VALUES (5, 'derii', 'deri@gmail.com', NULL, '$2y$10$mWeKu6Tpel/Z38E/QrHWF./a.YCb5G3abz.4Td4nbgi/5f1clww.W', 1, NULL, '2024-08-24 17:38:16', '2024-08-25 05:39:32');

SET FOREIGN_KEY_CHECKS = 1;
